temperature_2m,relativehumidity_2m,windspeed_10m,pop_density,image_id,label_class,lst
1.0,1.0000000000000009,0.5438596491228074,0.0,img_0001,1,31.737613359572595
0.5683453237410063,0.49038461538461586,1.0,0.0,img_0002,2,35.08422648876368
0.0,0.0,0.0,0.0,img_0003,2,35.93375999105417
